GROUP,PACKAGE,CLASS,INSTRUCTION_MISSED,INSTRUCTION_COVERED,BRANCH_MISSED,BRANCH_COVERED,LINE_MISSED,LINE_COVERED,COMPLEXITY_MISSED,COMPLEXITY_COVERED,METHOD_MISSED,METHOD_COVERED
application,com.cosmochain,LaunchDetailsFormatter,104,172,28,18,22,22,21,7,1,4
application,com.cosmochain,App,243,0,16,0,57,0,16,0,7,0
application,com.cosmochain,LaunchUpdateService,0,143,0,14,0,35,0,11,0,4
application,com.cosmochain,LaunchDetailsFormatter.DateTimeParts,12,0,0,0,5,0,1,0,1,0
application,com.cosmochain,ProviderLaunchApiClient,13,376,13,39,5,84,14,20,1,7
application,com.cosmochain.support,UrlUtil,33,0,10,0,8,0,6,0,1,0
application,com.cosmochain.support,RateLimitException,10,0,0,0,4,0,2,0,2,0
application,com.cosmochain.support,Launch,18,0,0,0,7,0,1,0,1,0
application,com.cosmochain.support,UpcomingLaunchClient,0,19,0,2,0,4,0,2,0,1
application,com.cosmochain.support,InMemoryLaunchRepository,21,0,0,0,5,0,3,0,3,0
application,com.cosmochain.support,ConsoleNotifier,32,0,0,0,6,0,2,0,2,0
application,com.cosmochain.support,RealHttpGateway,358,0,46,0,87,0,37,0,14,0
application,com.cosmochain.support,RealHttpGateway.new X509TrustManager() {...},8,0,0,0,4,0,4,0,4,0
